"wind_u","smooth"
-4.52645,0.186418348605281
-4.51695120240481,0.185944097366501
-4.50745240480962,0.185469846127722
-4.49795360721443,0.184995594888942
-4.48845480961924,0.184521343650162
-4.47895601202405,0.184047092411382
-4.46945721442886,0.183572841172603
-4.45995841683367,0.183098589933823
-4.45045961923848,0.182624338695043
-4.44096082164329,0.182150087456263
-4.4314620240481,0.181675836217484
-4.4219632264529,0.181201584978704
-4.41246442885772,0.180727333739924
-4.40296563126252,0.180253082501144
-4.39346683366733,0.179778831262365
-4.38396803607214,0.179304580023585
-4.37446923847695,0.178830328784805
-4.36497044088176,0.178356077546025
-4.35547164328657,0.177881826307246
-4.34597284569138,0.177407575068466
-4.33647404809619,0.176933323829686
-4.326975250501,0.176459072590906
-4.31747645290581,0.175984821352127
-4.30797765531062,0.17551057011541
-4.29847885771543,0.175036319021302
-4.28898006012024,0.174562068433875
-4.27948126252505,0.174087818737507
-4.26998246492986,0.173613570316578
-4.26048366733467,0.173139323555467
-4.25098486973948,0.172665078838551
-4.24148607214429,0.172190836550209
-4.2319872745491,0.171716597074821
-4.22248847695391,0.171242360796766
-4.21298967935872,0.17076812810042
-4.20349088176353,0.170293899370165
-4.19399208416834,0.169819674990377
-4.18449328657315,0.169345455345437
-4.17499448897796,0.168871240819722
-4.16549569138277,0.168397031797612
-4.15599689378757,0.167922828663485
-4.14649809619238,0.167448631801719
-4.13699929859719,0.166974441596694
-4.127500501002,0.166500258432788
-4.11800170340681,0.16602608269438
-4.10850290581162,0.16555191476585
-4.09900410821643,0.165077755031574
-4.08950531062124,0.164603603875932
-4.08000651302605,0.164129461683304
-4.07050771543086,0.163655328838066
-4.06100891783567,0.163181205724599
-4.05151012024048,0.162707092727282
-4.04201132264529,0.162232990230491
-4.0325125250501,0.161758898618608
-4.02301372745491,0.161284818276009
-4.01351492985972,0.160810749587074
-4.00401613226453,0.160336692938866
-3.99451733466934,0.15986264883884
-3.98501853707415,0.159388617960842
-3.97551973947896,0.158914600990902
-3.96602094188377,0.158440598615048
-3.95652214428858,0.157966611519311
-3.94702334669339,0.157492640389721
-3.9375245490982,0.157018685912306
-3.92802575150301,0.156544748773097
-3.91852695390782,0.156070829658122
-3.90902815631263,0.155596929253413
-3.89952935871743,0.155123048244998
-3.89003056112224,0.154649187318908
-3.88053176352705,0.154175347161171
-3.87103296593186,0.153701528457817
-3.86153416833667,0.153227731894876
-3.85203537074148,0.152753958158378
-3.84253657314629,0.152280207934353
-3.8330377755511,0.151806481908829
-3.82353897795591,0.151332780767837
-3.81404018036072,0.150859105197406
-3.80454138276553,0.150385455883566
-3.79504258517034,0.149911833512346
-3.78554378757515,0.149438238769776
-3.77604498997996,0.148964672342239
-3.76654619238477,0.148491134986688
-3.75704739478958,0.14801762761559
-3.74754859719439,0.147544151162152
-3.7380497995992,0.147070706559582
-3.72855100200401,0.146597294741089
-3.71905220440882,0.14612391663988
-3.70955340681363,0.145650573189165
-3.70005460921844,0.14517726532215
-3.69055581162325,0.144703993972043
-3.68105701402806,0.144230760072054
-3.67155821643287,0.14375756455539
-3.66205941883767,0.143284408355259
-3.65256062124248,0.142811292404869
-3.64306182364729,0.142338217637428
-3.6335630260521,0.141865184986144
-3.62406422845691,0.141392195384226
-3.61456543086172,0.140919249764882
-3.60506663326653,0.140446349061319
-3.59556783567134,0.139973494206745
-3.58606903807615,0.13950068613437
-3.57657024048096,0.1390279257774
-3.56707144288577,0.138555214069044
-3.55757264529058,0.13808255194251
-3.54807384769539,0.137609940331006
-3.5385750501002,0.13713738016774
-3.52907625250501,0.13666487238592
-3.51957745490982,0.136192417918755
-3.51007865731463,0.135720017699452
-3.50057985971944,0.135247672661219
-3.49108106212425,0.134775383737265
-3.48158226452906,0.134303151860798
-3.47208346693387,0.133830977965025
-3.46258466933868,0.133358862983155
-3.45308587174349,0.132886807848396
-3.4435870741483,0.132414813493955
-3.43408827655311,0.131942880853042
-3.42458947895792,0.131471010858864
-3.41509068136273,0.130999204444629
-3.40559188376753,0.130527462543545
-3.39609308617234,0.13005578608882
-3.38659428857715,0.129584176013663
-3.37709549098196,0.129112633263955
-3.36759669338677,0.128641158889983
-3.35809789579158,0.128169754024633
-3.34859909819639,0.127698419955557
-3.3391003006012,0.127227158099831
-3.32960150300601,0.126755969895225
-3.32010270541082,0.126284856864633
-3.31060390781563,0.125813820598775
-3.30110511022044,0.125342862690253
-3.29160631262525,0.12487198473167
-3.28210751503006,0.12440118831563
-3.27260871743487,0.123930475034736
-3.26310991983968,0.123459846489431
-3.25361112224449,0.122989304380308
-3.2441123246493,0.12251885055596
-3.23461352705411,0.122048486906245
-3.22511472945892,0.121578215364399
-3.21561593186373,0.121108037955955
-3.20611713426854,0.120637956785282
-3.19661833667335,0.120167974024374
-3.18711953907816,0.119698091865467
-3.17762074148297,0.11922831259136
-3.16812194388778,0.118758638514368
-3.15862314629259,0.11828907194682
-3.14912434869739,0.117819615205637
-3.1396255511022,0.117350270677948
-3.13012675350701,0.116881040805708
-3.12062795591182,0.116411928032327
-3.11112915831663,0.115942934801218
-3.10163036072144,0.115474063555792
-3.09213156312625,0.11500531673946
-3.08263276553106,0.114536696802225
-3.07313396793587,0.114068206265013
-3.06363517034068,0.113599847691939
-3.05413637274549,0.113131623647982
-3.0446375751503,0.112663536733721
-3.03513877755511,0.112195589621781
-3.02563997995992,0.111727784993481
-3.01614118236473,0.111260125530142
-3.00664238476954,0.110792613927404
-2.99714358717435,0.110325252954097
-2.98764478957916,0.109858045402372
-2.97814599198397,0.109390994064386
-2.96864719438878,0.108924101732299
-2.95914839679359,0.10845737119827
-2.9496495991984,0.107990805254457
-2.94015080160321,0.107524406693021
-2.93065200400802,0.10705817830612
-2.92115320641283,0.106592122885912
-2.91165440881764,0.106126243224558
-2.90215561122244,0.105660542114215
-2.89265681362725,0.105195022347044
-2.88315801603206,0.104729686715203
-2.87365921843687,0.104264538010851
-2.86416042084168,0.103799579026148
-2.85466162324649,0.103334812553251
-2.8451628256513,0.102870241388469
-2.83566402805611,0.102405868378814
-2.82616523046092,0.101941696405245
-2.81666643286573,0.101477728366631
-2.80716763527054,0.101013967219119
-2.79766883767535,0.100550415930706
-2.78817004008016,0.100087077469391
-2.77867124248497,0.0996239548031683
-2.76917244488978,0.0991610509000368
-2.75967364729459,0.0986983687420764
-2.7501748496994,0.0982359113644225
-2.74067605210421,0.0977736818147021
-2.73117725450902,0.0973116831405421
-2.72167845691383,0.0968499183939197
-2.71217965931864,0.0963883906784935
-2.70268086172345,0.0959271031714632
-2.69318206412826,0.0954660590695879
-2.68368326653307,0.0950052615928497
-2.67418446893788,0.0945447140334707
-2.66468567134268,0.0940844197304169
-2.6551868737475,0.0936243820702825
-2.6456880761523,0.0931646045080508
-2.63618927855711,0.0927050905185274
-2.62669048096192,0.0922458435957812
-2.61719168336673,0.0917868672991048
-2.60769288577154,0.0913281652297758
-2.59819408817635,0.0908697409920972
-2.58869529058116,0.0904115981903717
-2.57919649298597,0.089953740428946
-2.56969769539078,0.0894961713278603
-2.56019889779559,0.089038894565625
-2.5507001002004,0.0885819138610058
-2.54120130260521,0.0881252329360969
-2.53170250501002,0.0876688555186077
-2.52220370741483,0.0872127853719138
-2.51270490981964,0.0867570262734988
-2.50320611222445,0.086301582017832
-2.49370731462926,0.0858464564315894
-2.48420851703407,0.0853916533475649
-2.47470971943888,0.084937176627641
-2.46521092184369,0.0844830301523908
-2.4557121242485,0.0840292178026954
-2.44621332665331,0.0835757434594358
-2.43671452905812,0.0831226110034933
-2.42721573146293,0.0826698243157487
-2.41771693386774,0.0822173872803759
-2.40821813627254,0.0817653038090951
-2.39871933867735,0.0813135778273544
-2.38922054108216,0.0808622132607019
-2.37972174348697,0.0804112140352917
-2.37022294589178,0.0799605840968807
-2.36072414829659,0.0795103274336631
-2.3512253507014,0.079060448056315
-2.34172655310621,0.0786109500075286
-2.33222775551102,0.0781618373652493
-2.32272895791583,0.0777131142139855
-2.31323016032064,0.0772647846391777
-2.30373136272545,0.0768168527442284
-2.29423256513026,0.0763693226487571
-2.28473376753507,0.0759221984729695
-2.27523496993988,0.0754754843441213
-2.26573617234469,0.0750291844112969
-2.2562373747495,0.0745833028277923
-2.24673857715431,0.0741378437469033
-2.23723977955912,0.0736928113219262
-2.22774098196393,0.073248209706157
-2.21824218436874,0.0728040430583489
-2.20874338677355,0.072360315564079
-2.19924458917836,0.0719170314413336
-2.18974579158317,0.0714741949388025
-2.18024699398798,0.071031810321954
-2.17074819639279,0.0705898818751793
-2.1612493987976,0.0701484139077018
-2.1517506012024,0.0697074107350259
-2.14225180360721,0.069266876680407
-2.13275300601202,0.0688268160812014
-2.12325420841683,0.0683872332762628
-2.11375541082164,0.0679481326044449
-2.10425661322645,0.0675095184076161
-2.09475781563126,0.0670713950457613
-2.08525901803607,0.0666337669020415
-2.07576022044088,0.0661966383816768
-2.06626142284569,0.0657600139019449
-2.0567626252505,0.0653238978822881
-2.04726382765531,0.064888294752984
-2.03776503006012,0.0644532089494855
-2.02826623246493,0.0640186449072777
-2.01876743486974,0.0635846070620874
-2.00926863727455,0.0631510998563806
-1.99976983967936,0.0627181277400886
-1.99027104208417,0.0622856951635305
-1.98077224448898,0.0618538065770255
-1.97127344689379,0.0614224664308926
-1.9617746492986,0.0609916791755896
-1.95227585170341,0.0605614492667448
-1.94277705410822,0.0601317811721855
-1.93327825651303,0.0597026793720402
-1.92377945891784,0.0592741483581099
-1.91428066132265,0.0588461926312487
-1.90478186372745,0.0584188166967239
-1.89528306613226,0.05799202506511
-1.88578426853707,0.0575658222479453
-1.87628547094188,0.0571402127614147
-1.86678667334669,0.0567152011295734
-1.8572878757515,0.0562907918839082
-1.84778907815631,0.0558669895612196
-1.83829028056112,0.0554437987010922
-1.82879148296593,0.0550212238483272
-1.81929268537074,0.0545992695528551
-1.80979388777555,0.0541779403691746
-1.80029509018036,0.0537572408552764
-1.79079629258517,0.0533371755706204
-1.78129749498998,0.0529177490770814
-1.77179869739479,0.0524989659380972
-1.7622998997996,0.052080830717293
-1.75280110220441,0.0516633479789381
-1.74330230460922,0.0512465222880674
-1.73380350701403,0.0508303582099811
-1.72430470941884,0.0504148603097279
-1.71480591182365,0.0500000331516264
-1.70530711422846,0.0495858812993689
-1.69580831663327,0.0491724093154919
-1.68630951903808,0.0487596217606196
-1.67681072144289,0.0483475231942208
-1.6673119238477,0.0479361181739068
-1.6578131262525,0.0475254112555417
-1.64831432865731,0.0471154069910646
-1.63881553106212,0.046706109927756
-1.62931673346693,0.0462975246077724
-1.61981793587174,0.0458896555676823
-1.61031913827655,0.0454825073380034
-1.60082034068136,0.0450760844427578
-1.59132154308617,0.0446703913990262
-1.58182274549098,0.0442654327165065
-1.57232394789579,0.0438612128970759
-1.5628251503006,0.0434577364343585
-1.55332635270541,0.0430550078150896
-1.54382755511022,0.0426530315220066
-1.53432875751503,0.0422518120292172
-1.52482995991984,0.0418513538008853
-1.51533116232465,0.0414516612908205
-1.50583236472946,0.0410527389433959
-1.49633356713427,0.0406545912002651
-1.48683476953908,0.0402572225000291
-1.47733597194389,0.0398606372708554
-1.4678371743487,0.0394648399336453
-1.45833837675351,0.0390698349026941
-1.44883957915832,0.0386756265864445
-1.43934078156313,0.0382822193855616
-1.42984198396794,0.0378896176948184
-1.42034318637275,0.0374978258965663
-1.41084438877756,0.0371068483585553
-1.40134559118236,0.0367166894335734
-1.39184679358717,0.0363273534604834
-1.38234799599198,0.0359388447712456
-1.37284919839679,0.0355511676852218
-1.3633504008016,0.0351643265101839
-1.35385160320641,0.0347783255523257
-1.34435280561122,0.03439316911708
-1.33485400801603,0.0340088614998245
-1.32535521042084,0.033625406978472
-1.31585641282565,0.0332428098128735
-1.30635761523046,0.032861074244498
-1.29685881763527,0.03248020449613
-1.28736002004008,0.0321002047715541
-1.27786122244489,0.0317210792552427
-1.2683624248497,0.031342832112048
-1.25886362725451,0.0309654674868978
-1.24936482965932,0.030588989509182
-1.23986603206413,0.0302134022990552
-1.23036723446894,0.0298387099581184
-1.22086843687375,0.0294649165765828
-1.21136963927856,0.0290920262310437
-1.20187084168337,0.0287200429766241
-1.19237204408818,0.028348970846449
-1.18287324649299,0.0279788138513913
-1.1733744488978,0.0276095759798057
-1.16387565130261,0.027241261197258
-1.15437685370742,0.0268738734462579
-1.14487805611222,0.0265074166459916
-1.13537925851703,0.0261418946920733
-1.12588046092184,0.0257773114624666
-1.11638166332665,0.0254136708239407
-1.10688286573146,0.0250509766205228
-1.09738406813627,0.0246892326716428
-1.08788527054108,0.0243284427718876
-1.07838647294589,0.0239686106907374
-1.0688876753507,0.0236097401723149
-1.05938887775551,0.0232518349351764
-1.04989008016032,0.0228948986720817
-1.04039128256513,0.0225389350497634
-1.03089248496994,0.022183947708699
-1.02139368737475,0.021829940262876
-1.01189488977956,0.0214769162995401
-1.00239609218437,0.021124879379282
-0.992897294589179,0.0207738330455196
-0.983398496993988,0.0204237808268286
-0.973899699398798,0.0200747262272484
-0.964400901803607,0.0197266727383698
-0.954902104208417,0.0193796238302059
-0.945403306613227,0.0190335829445918
-0.935904509018036,0.0186885534949836
-0.926405711422846,0.0183445388662622
-0.916906913827655,0.0180015424145383
-0.907408116232465,0.0176595674669606
-0.897909318637275,0.0173186173215005
-0.888410521042085,0.0169786952467563
-0.878911723446894,0.0166398044818017
-0.869412925851703,0.0163019482360069
-0.859914128256513,0.0159651296888597
-0.850415330661323,0.0156293519897895
-0.840916533066133,0.0152946182579791
-0.831417735470942,0.014960931582163
-0.821918937875752,0.014628295020493
-0.812420140280561,0.0142967116003808
-0.802921342685371,0.0139661843183342
-0.793422545090181,0.0136367161423748
-0.78392374749499,0.0133083100265802
-0.7744249498998,0.0129809689007048
-0.764926152304609,0.0126546956629669
-0.755427354709419,0.0123294931798946
-0.745928557114229,0.012005364286177
-0.736429759519038,0.0116823117845164
-0.726930961923848,0.0113603384454818
-0.717432164328657,0.0110394470073347
-0.707933366733467,0.0107196401758837
-0.698434569138277,0.0104009206243796
-0.688935771543086,0.0100832909933812
-0.679436973947896,0.00976675389062126
-0.669938176352705,0.00945131189087421
-0.660439378757515,0.00913696753580886
-0.650940581162325,0.00882372333383006
-0.641441783567135,0.00851158175999252
-0.631942985971944,0.00820054525588517
-0.622444188376754,0.00789061622950987
-0.612945390781563,0.00758179705516217
-0.603446593186373,0.00727409007330704
-0.593947795591183,0.00696749759042265
-0.584448997995992,0.0066620218789141
-0.574950200400802,0.00635766517702257
-0.565451402805611,0.00605442968871609
-0.555952605210421,0.00575231758358274
-0.546453807615231,0.00545133099672352
-0.53695501002004,0.00515147202861413
-0.52745621242485,0.00485274274500355
-0.51795741482966,0.00455514517684946
-0.508458617234469,0.0042586813202226
-0.498959819639278,0.00396335313621128
-0.489461022044089,0.0036691625508278
-0.479962224448898,0.00337611145489532
-0.470463426853708,0.00308420170393004
-0.460964629258517,0.00279343511809542
-0.451465831663326,0.00250381348212302
-0.441967034068137,0.00221533854522856
-0.432468236472946,0.00192801202102932
-0.422969438877756,0.001641835587455
-0.413470641282565,0.00135681088662619
-0.403971843687375,0.00107293952480988
-0.394473046092185,0.000790223072363044
-0.384974248496994,0.000508663063659413
-0.375475450901804,0.000228260997017912
-0.365976653306613,-5.09816653693629e-05
-0.356477855711423,-0.000329063497544125
-0.346979058116233,-0.000605983109842661
-0.337480260521042,-0.000881739148925908
-0.327981462925852,-0.00115633029784136
-0.318482665330661,-0.00142975527608403
-0.308983867735471,-0.00170201283965586
-0.299485070140281,-0.00197310178114863
-0.28998627254509,-0.00224302092982415
-0.2804874749499,-0.00251176915162514
-0.270988677354709,-0.00277934534922164
-0.26148987975952,-0.00304574846206209
-0.251991082164329,-0.00331097746642245
-0.242492284569138,-0.00357503137546467
-0.232993486973948,-0.00383790923932555
-0.223494689378758,-0.00409961014512379
-0.213995891783568,-0.00436013321698634
-0.204497094188377,-0.00461947761608854
-0.194998296593186,-0.00487764254069412
-0.185499498997996,-0.00513462722164568
-0.176000701402806,-0.00539043090568245
-0.166501903807616,-0.00564505287053956
-0.157003106212425,-0.0058984924311812
-0.147504308617235,-0.00615074893983184
-0.138005511022044,-0.00640182178600573
-0.128506713426854,-0.00665171039653528
-0.119007915831664,-0.00690041423562592
-0.109509118236473,-0.00714793280490053
-0.100010320641283,-0.00739426564337886
-0.0905115230460929,-0.00763941232749446
-0.0810127254509023,-0.00788337247111453
-0.0715139278557118,-0.00812614572555843
-0.0620151302605212,-0.00836773177962756
-0.0525163326653306,-0.00860813035966289
-0.0430175350701409,-0.00884734122951721
-0.0335187374749504,-0.00908536419055385
-0.0240199398797598,-0.0093221990816561
-0.0145211422845692,-0.00955784577923692
-0.00502234468937868,-0.00979230419725014
0.004476452905811,-0.0100255742872401
0.0139752505010016,-0.0102576560383281
0.0234740480961921,-0.0104885494771858
0.0329728456913827,-0.0107182546680349
0.0424716432865733,-0.0109467717126477
0.051970440881763,-0.0111741007503449
0.0614692384769535,-0.0114002419580237
0.0709680360721441,-0.0116251955501672
0.0804668336673346,-0.0118489617787944
0.0899656312625243,-0.0120715409334489
0.0994644288577149,-0.0122929333411881
0.108963226452905,-0.0125131393665725
0.118462024048096,-0.0127321594116681
0.127960821643287,-0.0129499939160707
0.137459619238476,-0.0131666433568476
0.146958416833667,-0.0133821082485067
0.156457214428857,-0.0135963891429784
0.165956012024048,-0.0138094866295933
0.175454809619239,-0.0140214013350662
0.184953607214428,-0.0142321339235156
0.194452404809619,-0.0144416850964158
0.203951202404809,-0.0146500555925425
0.21345,-0.0148572461879435
